customer_id,age,income,credit_score,region,total_spent,avg_transaction,transaction_count,top_category,risk_score
1,56,77447.55593094493,541,West,800.71,100.09,8.0,gas,0.432
2,69,36444.27814013231,531,East,441.06,88.21,5.0,retail,0.292
3,46,73070.63744015737,583,East,326.11,108.7,3.0,retail,0.434
4,32,42499.78743260372,499,West,471.42,94.28,5.0,retail,0.287
5,60,36117.08092985012,378,East,433.41,108.35,4.0,retail,0.177
6,25,52197.20146086498,472,East,388.14,64.69,6.0,gas,0.3
7,78,56849.13836015029,766,North,419.9,83.98,5.0,gas,0.524
8,38,88230.59213018857,715,North,496.87,99.37,5.0,grocery,0.582
9,56,56390.75157737429,748,East,566.14,141.54,4.0,grocery,0.507
10,75,53865.56123698772,386,West,760.75,152.15,5.0,gas,0.239
11,36,81922.85887803267,400,South,140.24,70.12,2.0,gas,0.324
12,40,62021.07888423073,307,West,484.15,80.69,6.0,restaurant,0.209
13,28,37114.49639664104,499,South,369.75,41.08,9.0,restaurant,0.283
14,28,77119.40770616384,804,West,577.32,82.47,7.0,grocery,0.619
15,41,35207.62461141295,386,North,362.03,120.68,3.0,restaurant,0.177
16,70,37015.05443332581,342,East,1003.42,167.24,6.0,restaurant,0.16
17,53,33029.58601224173,684,East,74.32,18.58,4.0,restaurant,0.39
18,57,31275.099434440875,734,North,468.84,117.21,4.0,online,0.421
19,41,56663.465896796486,707,South,359.79,44.97,8.0,retail,0.49
20,20,44841.95670912914,782,South,145.96,72.98,2.0,online,0.491
21,39,-19563.384272731128,316,South,295.75,59.15,5.0,restaurant,0.027
22,70,44634.73876100974,447,North,359.08,89.77,4.0,online,0.253
23,19,39641.75488388731,576,South,0.0,0.0,0.0,0,0.32
24,41,67856.5072859771,531,North,163.29,163.29,1.0,retail,0.375
25,61,38734.827770792734,665,West,1339.62,148.85,9.0,grocery,0.409
26,47,100785.15582421786,527,West,411.99,103.0,4.0,grocery,0.477
27,55,77935.87157540486,735,North,561.41,112.28,5.0,grocery,0.565
28,19,42201.79217980444,698,East,320.85,80.21,4.0,gas,0.428
29,77,72992.46157666165,510,West,880.89,176.18,5.0,restaurant,0.387
30,38,60504.234253818955,690,South,490.38,98.08,5.0,grocery,0.48
31,50,54669.315929604854,798,North,85.83,28.61,3.0,online,0.535
32,29,66053.0451121486,839,South,185.63,37.13,5.0,grocery,0.605
33,75,51081.41748520973,790,South,65.13,65.13,1.0,gas,0.513
34,39,54807.02312154955,741,East,102.94,102.94,1.0,gas,0.488
35,78,66467.0503255793,560,South,277.92,69.48,4.0,online,0.4
36,61,91049.0548349098,649,East,290.14,96.71,3.0,online,0.536
37,42,55023.899444393486,651,West,408.12,204.06,2.0,gas,0.426
38,66,40924.06670055688,819,North,104.43,52.21,2.0,grocery,0.506
39,44,9415.38289812022,619,South,653.07,93.3,7.0,grocery,0.281
40,76,89226.06943927276,437,North,543.78,108.76,5.0,grocery,0.382
41,59,44735.1657485608,849,South,165.01,165.01,1.0,online,0.536
42,45,60696.18580162534,667,North,551.41,68.93,8.0,retail,0.473
43,77,88118.14473853988,519,South,254.56,50.91,5.0,retail,0.439
44,33,54552.04641860983,636,South,1148.72,191.45,6.0,gas,0.426
45,32,46106.59476245041,522,South,803.05,133.84,6.0,restaurant,0.318
46,79,78393.45955087489,659,South,295.52,73.88,4.0,grocery,0.508
47,79,59214.74135127839,628,South,186.47,62.16,3.0,grocery,0.425
48,64,61722.11209446801,762,South,430.59,86.12,5.0,restaurant,0.536
49,79,19536.782590564784,681,South,645.48,92.21,7.0,grocery,0.357
50,68,74118.3041448517,468,South,407.35,81.47,5.0,restaurant,0.36
51,61,57511.76135983291,516,South,338.89,84.72,4.0,online,0.342
52,72,22568.212405537517,677,North,343.42,57.24,6.0,gas,0.36
53,69,59701.8822322655,418,East,112.27,56.13,2.0,grocery,0.271
54,74,8749.486521765011,489,South,811.0,162.2,5.0,online,0.179
55,20,96839.50405025991,669,East,338.88,169.44,2.0,restaurant,0.565
56,54,27962.904000364782,448,South,877.41,109.68,8.0,gas,0.216
57,68,82235.85531436872,787,South,775.0,110.71,7.0,online,0.622
58,24,33740.889037626934,673,North,805.35,100.67,8.0,gas,0.396
59,38,61204.51421941439,459,West,378.99,54.14,7.0,gas,0.32
60,26,31757.434867810025,650,West,219.3,73.1,3.0,gas,0.359
61,56,69942.30443795641,587,North,504.51,252.25,2.0,online,0.425
62,35,45293.62516185496,587,East,374.16,93.54,4.0,restaurant,0.357
63,21,59355.59092415419,525,West,291.96,97.32,3.0,retail,0.351
64,42,50301.28763157989,822,North,556.7,111.34,5.0,online,0.546
65,77,22686.704270326885,821,North,320.72,64.14,5.0,restaurant,0.462
66,31,60082.13719381068,572,West,326.83,54.47,6.0,retail,0.396
67,67,39935.25028668504,701,East,301.93,100.64,3.0,gas,0.42
68,75,70906.25586015222,482,North,949.85,135.69,7.0,online,0.366
69,26,45282.80383698646,787,South,699.32,87.42,8.0,gas,0.514
70,43,48464.72181943336,423,East,401.63,66.94,6.0,gas,0.253
71,70,83658.52928745873,713,East,677.22,75.25,9.0,online,0.578
72,19,97632.735890159,471,West,346.81,57.8,6.0,online,0.435
73,37,65720.67911424166,587,West,735.06,73.51,10.0,online,0.436
74,45,44257.198051532294,734,South,738.24,123.04,6.0,grocery,0.466
75,64,42506.77343287712,412,North,790.22,112.89,7.0,retail,0.23
76,77,33626.4602936284,421,West,413.99,59.14,7.0,gas,0.21
77,24,37495.23632892887,843,West,456.36,228.18,2.0,grocery,0.513
78,61,44527.805129920634,521,East,753.04,150.61,5.0,grocery,0.309
79,78,89285.059339898,338,West,1101.65,137.71,8.0,restaurant,0.319
80,25,46055.566582929525,796,West,8.32,4.16,2.0,restaurant,0.505
81,64,25478.939916037947,532,West,245.94,81.98,3.0,gas,0.254
82,52,50833.30534250766,829,West,634.91,70.55,9.0,gas,0.564
83,31,53562.56851522129,448,East,394.24,98.56,4.0,restaurant,0.28
84,34,50712.70919700912,696,South,476.26,95.25,5.0,online,0.455
85,53,65993.82445170415,601,South,351.5,58.58,6.0,restaurant,0.435
86,67,51380.11022718067,659,North,136.29,45.43,3.0,restaurant,0.424
87,57,65374.54984294658,537,West,733.95,146.79,5.0,grocery,0.383
88,21,34393.132918845695,535,East,780.0,130.0,6.0,gas,0.292
89,19,85614.58876290446,502,North,716.39,358.2,2.0,grocery,0.41
90,79,55049.5957668717,555,North,1607.67,160.77,10.0,gas,0.381
91,23,58004.379408140754,534,South,84.21,28.07,3.0,restaurant,0.353
92,71,34309.76212373395,644,East,649.05,108.18,6.0,online,0.371
93,59,59436.53982532792,833,East,1307.23,130.72,10.0,online,0.596
94,21,63021.30113340608,765,East,602.75,150.69,4.0,retail,0.539
95,71,26604.6313234982,840,South,248.85,82.95,3.0,restaurant,0.482
96,46,16818.168232246866,512,South,915.73,152.62,6.0,grocery,0.223
97,35,55873.32047218931,762,South,383.9,76.78,5.0,restaurant,0.519
98,43,40224.60353088935,735,South,778.28,155.66,5.0,grocery,0.452
99,61,55198.42938271459,582,South,300.33,75.08,4.0,gas,0.383
100,51,24179.2785820377,762,West,194.19,194.19,1.0,gas,0.412
101,27,18789.881712346585,706,West,798.05,99.76,8.0,online,0.376
102,79,54133.78926002154,387,East,146.33,48.78,3.0,gas,0.235
103,53,43004.32478086295,343,North,499.24,83.21,6.0,online,0.178
104,31,7786.009576996431,760,East,230.33,76.78,3.0,gas,0.367
105,48,76861.9763621546,577,North,483.5,80.58,6.0,retail,0.45
106,65,23846.858636324858,720,South,941.52,134.5,7.0,online,0.398
107,32,101466.49904220864,652,North,350.8,87.7,4.0,online,0.568
108,25,37519.66542222843,814,East,1002.68,167.11,6.0,grocery,0.504
109,31,58031.21136251997,318,East,393.49,65.58,6.0,grocery,0.205
110,40,82938.9802077437,322,North,312.6,78.15,4.0,grocery,0.277
111,77,79588.6785565765,712,West,1032.77,129.1,8.0,online,0.562
112,74,89722.72812453765,329,South,644.05,58.55,11.0,gas,0.323
113,79,19538.475222392935,407,South,294.24,58.85,5.0,online,0.151
114,57,27282.690049855057,666,East,639.18,91.31,7.0,grocery,0.369
115,38,54519.9454818806,580,West,538.7,179.57,3.0,gas,0.376
116,33,66794.94875795428,427,North,1300.58,216.76,6.0,gas,0.311
117,62,49775.45113240724,528,South,487.75,69.68,7.0,online,0.336
118,35,17240.119285732224,410,West,568.58,113.72,5.0,grocery,0.147
119,64,59931.56317929598,435,South,273.11,91.04,3.0,gas,0.287
120,70,46114.97223531931,661,West,613.8,122.76,5.0,gas,0.416
121,41,45875.22082088267,485,West,502.69,167.56,3.0,gas,0.281
122,43,4440.991643788852,428,East,343.62,68.72,5.0,gas,0.121
123,42,65949.68408956629,560,South,510.18,72.88,7.0,restaurant,0.408
124,77,52904.08120570917,814,North,959.56,479.78,2.0,gas,0.539
125,77,85903.29113277927,748,East,794.58,113.51,7.0,gas,0.605
126,77,48509.84706937655,403,East,666.32,111.05,6.0,grocery,0.238
127,62,61326.80261038045,782,North,273.66,91.22,3.0,gas,0.544
128,58,66636.36352210525,523,East,851.39,121.63,7.0,retail,0.383
129,46,15076.768826776177,790,West,894.44,111.81,8.0,gas,0.426
130,32,102333.99893203189,772,West,588.87,73.61,8.0,restaurant,0.667
131,62,41384.152241547665,309,South,260.7,130.35,2.0,restaurant,0.137
132,18,59891.332042849695,704,South,373.33,53.33,7.0,online,0.494
133,42,62811.64013898303,601,North,208.42,104.21,2.0,gas,0.413
134,24,33704.31744019405,530,South,812.98,135.5,6.0,retail,0.286
135,26,86939.60662895205,365,West,389.3,77.86,5.0,restaurant,0.323
136,41,55319.105387088646,411,North,608.73,202.91,3.0,retail,0.256
137,18,45730.54726185333,312,North,477.38,119.34,4.0,gas,0.158
138,61,52770.15924776885,692,South,284.05,71.01,4.0,grocery,0.455
139,25,65285.043972180465,799,West,534.96,133.74,4.0,restaurant,0.571
140,41,50215.963296194,533,North,732.55,122.09,6.0,gas,0.338
141,28,67638.59820766479,613,West,179.82,44.96,4.0,gas,0.443
142,68,16302.557220645214,311,West,147.75,147.75,1.0,grocery,0.06
143,34,35040.600203470196,508,West,678.34,113.06,6.0,retail,0.274
144,25,7223.993703813702,313,South,635.17,79.4,8.0,retail,0.055
145,52,89940.16313685892,717,East,174.78,43.7,4.0,gas,0.585
146,52,89679.84255369869,736,East,1044.38,149.2,7.0,retail,0.607
147,50,62532.321350659695,676,North,1099.82,183.3,6.0,restaurant,0.479
148,76,29747.63858173937,319,West,423.87,105.97,4.0,gas,0.115
149,22,97797.56544436648,369,South,292.58,73.14,4.0,gas,0.356
150,59,37911.71043736576,510,West,618.82,103.14,6.0,online,0.284
151,56,45735.85746189672,400,West,354.58,118.19,3.0,online,0.219
152,75,53190.66811461445,431,South,123.88,30.97,4.0,gas,0.267
153,58,59030.31884037939,680,East,291.96,145.98,2.0,restaurant,0.459
154,45,62876.052034086366,431,West,836.56,139.43,6.0,gas,0.302
155,24,63679.23274948902,319,West,889.18,111.15,8.0,retail,0.229
156,26,47109.51829292191,835,East,635.5,105.92,6.0,retail,0.548
157,25,63362.019035134246,526,South,334.33,83.58,4.0,gas,0.366
158,29,46215.846810086456,453,North,378.62,126.21,3.0,grocery,0.259
159,51,61586.06873744441,768,East,725.15,181.29,4.0,gas,0.537
160,50,59945.8355566155,704,North,21.7,21.7,1.0,gas,0.477
161,65,65256.94581596242,501,North,619.6,103.27,6.0,gas,0.36
162,72,62759.33398041931,337,East,870.65,174.13,5.0,grocery,0.23
163,40,41151.352501774054,487,West,336.38,84.09,4.0,gas,0.271
164,79,59174.203431180256,356,North,423.56,60.51,7.0,grocery,0.239
165,41,63067.994758297726,319,North,312.19,78.05,4.0,grocery,0.215
166,54,24177.51222102588,572,South,1101.21,137.65,8.0,gas,0.294
167,52,44519.11285537941,418,West,185.99,93.0,2.0,restaurant,0.225
168,61,62162.27782436667,815,North,814.45,135.74,6.0,online,0.579
169,57,84185.84989459244,520,South,346.71,86.68,4.0,retail,0.425
170,39,66498.00372257468,825,West,17.47,8.73,2.0,gas,0.587
171,44,85447.55973955191,814,East,684.89,57.07,12.0,restaurant,0.666
172,52,42032.53219646103,635,East,546.63,136.66,4.0,gas,0.382
173,18,55003.80984495286,354,South,434.18,144.73,3.0,gas,0.213
174,52,66114.70599052237,799,East,132.22,132.22,1.0,retail,0.564
175,54,3472.9657300044623,835,North,294.77,73.69,4.0,gas,0.412
176,64,80216.06436229052,461,West,332.16,110.72,3.0,retail,0.367
177,31,12781.80238290707,458,North,707.38,117.9,6.0,gas,0.171
178,20,69938.80136556806,487,North,470.19,94.04,5.0,retail,0.361
179,18,63736.63581085293,359,East,1039.78,115.53,9.0,gas,0.261
180,22,3208.1399497022735,618,North,741.44,92.68,8.0,online,0.265
181,43,4218.774861340054,510,East,987.66,109.74,9.0,gas,0.192
182,72,78649.63834905012,705,West,495.83,61.98,8.0,grocery,0.554
183,31,74294.44119373096,408,West,213.6,53.4,4.0,grocery,0.313
184,56,32382.727110234784,375,North,767.48,109.64,7.0,retail,0.173
185,44,32362.42209911871,841,South,296.12,59.22,5.0,gas,0.506
186,26,60252.099447524415,613,East,128.83,42.94,3.0,retail,0.417
187,32,49745.11699023264,416,East,204.94,25.62,8.0,gas,0.258
188,32,71087.90431698228,318,North,731.63,91.45,8.0,online,0.25
189,43,59591.618488661734,731,East,1258.42,125.84,10.0,retail,0.522
190,59,81660.6158791307,649,East,192.68,38.54,5.0,online,0.514
191,77,69401.55555827453,482,South,695.62,99.37,7.0,grocery,0.362
192,30,64415.46098281155,412,South,668.37,83.55,8.0,online,0.299
193,68,42957.50559392652,482,North,812.12,116.02,7.0,restaurant,0.282
194,49,41493.575316763105,780,South,415.64,69.27,6.0,restaurant,0.492
195,56,48964.82030589398,445,North,523.99,74.86,7.0,online,0.273
196,66,86818.86139874416,412,West,586.67,146.67,4.0,restaurant,0.354
197,69,41874.505412204315,775,North,363.6,60.6,6.0,restaurant,0.489
198,78,55210.57974148032,602,West,166.38,55.46,3.0,gas,0.394
199,49,5103.941845853815,417,North,394.13,65.69,6.0,gas,0.118
200,21,63516.17460088161,460,East,698.57,116.43,6.0,gas,0.325
201,47,95143.96562186278,700,South,728.19,104.03,7.0,gas,0.597
202,54,31327.237814741504,497,West,65.78,65.78,1.0,grocery,0.24
203,40,113488.84274253515,559,North,345.49,115.16,3.0,retail,0.497
204,56,53644.81209313307,346,South,340.19,56.7,6.0,grocery,0.212
205,62,-1458.624827686883,698,North,171.68,57.23,3.0,gas,0.298
206,32,42289.23520064178,377,South,684.6,97.8,7.0,restaurant,0.204
207,60,76608.77126538166,423,South,1268.64,115.33,11.0,retail,0.352
208,46,89986.34412499607,374,North,335.49,83.87,4.0,gas,0.336
209,53,64361.97096503367,436,West,756.69,94.59,8.0,online,0.316
210,30,81351.88841757935,699,West,115.33,28.83,4.0,gas,0.546
211,49,26444.28917015293,804,East,552.36,55.24,10.0,gas,0.476
212,24,36394.76825612184,799,South,581.22,96.87,6.0,online,0.49
213,76,16410.81435996419,437,East,657.0,657.0,1.0,grocery,0.152
214,68,37898.738480161934,349,East,386.39,64.4,6.0,grocery,0.167
215,39,65238.37972871333,553,North,1006.36,143.77,7.0,gas,0.401
216,45,54253.11524766038,725,North,633.8,126.76,5.0,online,0.487
217,19,67356.98073326364,846,North,522.97,74.71,7.0,restaurant,0.62
218,59,31269.719650065264,601,South,1146.29,286.57,4.0,gas,0.325
219,62,32489.499463762662,648,North,871.34,217.84,4.0,online,0.363
220,79,54092.204190498254,348,North,415.87,83.17,5.0,gas,0.212
221,74,37947.04389389369,373,South,1038.73,148.39,7.0,retail,0.188
222,70,76036.9833632019,560,South,285.45,57.09,5.0,restaurant,0.432
223,23,37451.62231245046,655,West,6.88,3.44,2.0,gas,0.377
224,45,40092.21514137506,559,North,662.92,132.58,5.0,restaurant,0.324
225,45,58376.78827736974,594,North,962.62,160.44,6.0,gas,0.407
226,61,42214.236165450144,612,North,356.18,59.36,6.0,grocery,0.372
227,61,25301.11212925173,481,West,310.63,77.66,4.0,gas,0.22
228,37,28012.883503358225,663,North,349.97,116.66,3.0,grocery,0.357
229,47,60755.31916813911,487,West,896.47,128.07,7.0,gas,0.339
230,79,22825.769708758795,842,East,387.52,77.5,5.0,retail,0.478
231,28,77943.28855097623,847,West,214.69,71.56,3.0,grocery,0.641
232,75,36192.014313965,707,East,1130.45,161.49,7.0,gas,0.426
233,72,62324.31633936121,713,North,292.74,73.18,4.0,gas,0.499
234,45,37391.74751940732,641,East,46.96,23.48,2.0,online,0.366
235,42,31695.172400072697,519,West,150.24,50.08,3.0,gas,0.263
236,56,54922.07364580364,462,South,799.5,133.25,6.0,restaurant,0.301
237,79,71035.669340318,519,East,1727.99,123.43,14.0,retail,0.414
238,50,45052.64498279791,569,East,586.85,97.81,6.0,grocery,0.349
239,18,48690.4529248508,699,North,569.77,71.22,8.0,gas,0.46
240,74,66148.34722165602,481,West,0.0,0.0,0.0,0,0.33
241,44,66810.54500503113,504,East,175.95,43.99,4.0,gas,0.361
242,79,49230.16559960518,527,East,178.36,89.18,2.0,online,0.319
243,74,41130.40215029423,549,East,361.75,120.58,3.0,restaurant,0.313
244,69,51653.11918890064,740,East,78.8,39.4,2.0,grocery,0.481
245,30,46181.77017223315,832,South,404.45,80.89,5.0,retail,0.54
246,58,56259.483036337035,495,West,553.23,79.03,7.0,restaurant,0.332
247,20,26114.591463084947,818,North,611.34,67.93,9.0,grocery,0.482
248,56,55543.63158717493,369,North,199.01,49.75,4.0,gas,0.229
249,23,35633.93167658502,698,South,177.64,35.53,5.0,grocery,0.411
250,25,68117.75222981007,502,West,708.14,177.03,4.0,gas,0.363
251,44,36550.64301258969,447,East,808.53,115.5,7.0,gas,0.238
252,26,36897.80465618135,771,South,184.79,61.6,3.0,restaurant,0.462
253,79,58907.97648823481,498,West,481.56,80.26,6.0,gas,0.339
254,54,50284.23777632394,725,East,312.24,156.12,2.0,online,0.466
255,50,95533.03252797674,791,South,1198.77,133.2,9.0,restaurant,0.671
256,68,17413.947788914953,441,West,554.77,110.95,5.0,gas,0.17
257,59,52197.05893909489,612,North,31.36,15.68,2.0,restaurant,0.39
258,61,72592.98969944741,464,North,463.89,77.31,6.0,grocery,0.355
259,41,38433.72154145398,613,West,518.04,86.34,6.0,grocery,0.361
260,32,31788.8431052024,320,North,509.11,84.85,6.0,retail,0.128
261,76,32582.70704707343,381,West,379.45,189.72,2.0,online,0.163
262,71,17760.77640699831,430,East,774.02,258.01,3.0,gas,0.157
263,49,76994.0925462139,604,West,449.86,224.93,2.0,gas,0.458
264,49,43407.65316387184,670,East,519.03,173.01,3.0,gas,0.408
265,41,41039.45720399539,683,South,324.79,54.13,6.0,online,0.42
266,58,7518.038513396527,744,West,451.69,90.34,5.0,gas,0.36
267,69,21325.828550762304,724,South,511.88,102.38,5.0,retail,0.387
268,66,79307.79511038188,460,North,391.18,65.2,6.0,grocery,0.372
269,79,56062.11332201157,477,East,643.82,91.97,7.0,online,0.318
270,66,73330.01659850212,789,West,629.44,89.92,7.0,gas,0.597
271,75,70799.8487965966,626,South,1221.12,122.11,10.0,grocery,0.479
272,69,29987.59438854119,588,East,275.49,137.74,2.0,online,0.305
273,29,98596.95457307938,653,East,733.54,73.35,10.0,online,0.583
274,79,88994.6519120246,327,North,164.9,54.97,3.0,online,0.296
275,56,38724.6711575393,342,North,492.13,123.03,4.0,gas,0.159
276,19,-21364.105987197643,722,East,500.24,62.53,8.0,retail,0.331
277,20,42869.35820111847,476,East,142.02,47.34,3.0,online,0.266
278,66,54765.92524242897,828,West,366.09,52.3,7.0,grocery,0.569
279,54,38645.61930448619,793,East,527.14,105.43,5.0,restaurant,0.489
280,66,45569.55806630566,497,West,316.61,316.61,1.0,gas,0.283
281,73,33426.839273244106,816,East,524.53,131.13,4.0,restaurant,0.488
282,34,68432.69436707695,813,North,55.38,11.08,5.0,gas,0.593
283,76,51272.664807371104,321,West,725.79,80.64,9.0,online,0.196
284,66,69030.28125885908,411,South,544.59,108.92,5.0,retail,0.303
285,19,74444.06692415875,356,North,466.78,93.36,5.0,online,0.279
286,19,6513.528718267052,365,West,328.76,109.59,3.0,retail,0.076
287,45,34589.55578331794,397,West,606.99,101.16,6.0,online,0.192
288,71,37519.41412718913,443,South,353.72,58.95,6.0,gas,0.235
289,40,101427.44719377566,734,West,470.75,117.69,4.0,restaurant,0.628
290,54,52980.10733800648,385,East,0.0,0.0,0.0,0,0.221
291,49,66251.21192726129,643,South,553.67,110.73,5.0,online,0.463
292,50,12386.164614509771,593,North,678.23,169.56,4.0,gas,0.262
293,18,52864.30904995043,542,North,228.93,76.31,3.0,gas,0.344
294,36,69565.85964232516,331,East,681.99,85.25,8.0,grocery,0.255
295,79,67239.30170120312,690,North,369.01,184.5,2.0,grocery,0.491
296,19,62467.98877832703,576,West,603.46,75.43,8.0,online,0.412
297,70,50260.01012990251,831,West,450.01,112.5,4.0,grocery,0.549
298,61,51231.37241250902,453,East,979.31,163.22,6.0,gas,0.283
299,43,16134.676505804213,682,North,490.19,122.55,4.0,retail,0.338
300,49,31989.342296257128,367,North,332.09,66.42,5.0,gas,0.16
301,23,54618.87912776327,513,East,57.34,28.67,2.0,restaurant,0.325
302,49,35680.48386147589,675,South,617.65,123.53,5.0,retail,0.395
303,72,63776.764940655696,512,North,371.86,123.95,3.0,gas,0.355
304,21,59335.65100529725,378,South,156.01,39.0,4.0,gas,0.247
305,72,77347.40509443988,680,North,390.34,130.11,3.0,online,0.517
306,28,69165.07652305142,357,North,972.88,162.15,6.0,online,0.267
307,73,54545.22818269136,325,North,232.56,46.51,5.0,online,0.197
308,76,64959.60868123832,746,North,609.36,121.87,5.0,retail,0.534
309,34,70102.04324599312,365,West,303.58,60.72,5.0,gas,0.273
310,55,39851.25428184035,553,South,1223.99,174.86,7.0,grocery,0.325
311,41,43413.38003360396,343,South,367.13,73.43,5.0,restaurant,0.177
312,22,48063.47925213179,396,North,41.95,20.98,2.0,online,0.22
313,69,40489.38911671301,526,North,705.48,176.37,4.0,gas,0.298
314,51,70313.73890126968,735,South,691.65,76.85,9.0,gas,0.554
315,23,37453.78916645392,678,West,196.03,39.21,5.0,retail,0.402
316,39,75033.02942799649,477,East,55.36,18.45,3.0,grocery,0.363
317,28,42660.53602239234,726,East,564.65,94.11,6.0,gas,0.456
318,65,59447.93285678717,606,South,455.85,91.17,5.0,gas,0.416
319,33,53328.30297525777,803,North,131.09,131.09,1.0,grocery,0.529
320,50,30480.40383416666,567,North,375.52,187.76,2.0,gas,0.292
321,26,49602.20541018419,307,West,270.62,54.12,5.0,retail,0.169
322,77,56672.870629011944,807,East,166.36,55.45,3.0,restaurant,0.548
323,76,48714.14625779004,775,West,209.4,69.8,3.0,gas,0.501
324,23,23145.86882987432,596,East,226.93,56.73,4.0,grocery,0.297
325,33,84028.58487052342,463,South,540.26,90.04,6.0,retail,0.389
326,46,51753.98965723472,784,East,646.9,129.38,5.0,grocery,0.522
327,20,34113.948496729565,371,West,706.36,78.48,9.0,gas,0.181
328,37,82415.36046934548,537,West,238.49,59.62,4.0,gas,0.432
329,77,62347.79619440651,403,West,121.79,40.6,3.0,gas,0.271
330,76,25996.60007196781,509,South,385.65,77.13,5.0,online,0.245
331,53,29110.10507200243,767,East,587.34,97.89,6.0,grocery,0.445
332,36,45552.10560224315,753,East,129.9,64.95,2.0,gas,0.472
333,43,55946.13957699645,567,West,707.25,117.88,6.0,restaurant,0.38
334,20,62455.99662927844,685,East,710.87,101.55,7.0,online,0.488
335,36,69003.56959057135,686,North,729.62,91.2,8.0,online,0.512
336,37,60791.448128002856,558,North,343.44,42.93,8.0,retail,0.394
337,49,76934.91957281991,582,North,348.96,58.16,6.0,grocery,0.454
338,24,52535.863193609395,339,East,249.45,49.89,5.0,grocery,0.201
339,69,34807.212390435554,785,South,370.23,61.7,6.0,restaurant,0.475
340,58,49932.98260682053,519,South,777.16,97.15,8.0,gas,0.333
341,50,48620.38679308416,428,South,617.28,308.64,2.0,online,0.245
342,57,-1564.308593249839,819,South,183.51,61.17,3.0,gas,0.386
343,56,38772.66281808683,559,North,802.07,114.58,7.0,online,0.326
344,35,56284.07465900901,665,North,411.75,102.94,4.0,restaurant,0.446
345,57,41515.68869576428,843,West,1042.74,173.79,6.0,gas,0.537
346,18,37075.812763540016,823,East,103.57,103.57,1.0,online,0.495
347,28,68227.52391609128,315,East,361.9,120.63,3.0,online,0.225
348,45,31669.083504491213,428,South,228.99,38.17,6.0,gas,0.206
349,74,64232.45300941646,408,North,499.52,124.88,4.0,retail,0.283
350,42,23345.110584234302,832,South,423.69,141.23,3.0,online,0.466
351,67,105215.23871452369,568,West,269.27,67.32,4.0,grocery,0.507
352,40,45686.289461974855,461,East,482.46,120.62,4.0,gas,0.266
353,48,43534.694214078874,559,East,10.4,5.2,2.0,retail,0.325
354,47,72861.31805779837,401,South,0.0,0.0,0.0,0,0.292
355,59,41625.90318387102,805,West,1333.84,111.15,12.0,retail,0.528
356,52,79098.55616651333,546,East,511.8,127.95,4.0,gas,0.428
357,24,57431.87660973053,836,West,342.44,57.07,6.0,gas,0.58
358,77,47632.04198907541,430,West,526.58,87.76,6.0,gas,0.255
359,33,45499.88193259249,652,South,15.62,15.62,1.0,restaurant,0.395
360,43,74151.84340860524,495,North,347.48,115.83,3.0,gas,0.373
361,65,54609.74429207006,681,South,92.49,30.83,3.0,retail,0.45
362,74,58646.1746238154,526,North,106.06,53.03,2.0,online,0.346
363,69,60820.03745207258,775,West,273.48,91.16,3.0,gas,0.537
364,77,52658.72370445382,776,North,1018.5,127.31,8.0,gas,0.528
365,66,60397.444526999665,564,West,244.39,48.88,5.0,gas,0.388
366,19,47633.53154638019,671,East,670.62,95.8,7.0,gas,0.434
367,18,49003.82736346848,785,East,1021.33,113.48,9.0,grocery,0.527
368,65,27617.70143946582,733,East,1590.31,159.03,10.0,online,0.428
369,79,55955.205018367946,510,South,395.27,65.88,6.0,retail,0.339
370,29,15609.179865755594,676,South,258.2,129.1,2.0,online,0.326
371,22,55671.16141221826,694,West,895.87,127.98,7.0,grocery,0.475
372,54,44387.67967670371,749,East,595.16,119.03,5.0,grocery,0.475
373,49,57491.70218901956,663,South,946.48,189.3,5.0,restaurant,0.451
374,76,29023.43331836648,756,East,383.05,95.76,4.0,grocery,0.431
375,72,7612.852639227157,525,South,815.39,116.48,7.0,restaurant,0.207
376,26,42982.69386052921,430,North,644.4,92.06,7.0,gas,0.244
377,58,29081.74662285803,775,North,239.81,119.91,2.0,gas,0.439
378,52,14388.866335790352,576,East,466.63,77.77,6.0,online,0.262
379,36,65359.6653938914,455,West,377.3,188.65,2.0,online,0.315
380,65,82024.76454284081,517,South,402.97,80.59,5.0,grocery,0.419
381,33,34060.971284508996,489,South,588.06,98.01,6.0,grocery,0.258
382,20,48484.58345557093,716,North,180.61,60.2,3.0,grocery,0.457
383,37,43844.287666403754,845,North,913.99,130.57,7.0,gas,0.549
384,41,36822.03156047594,340,West,790.45,87.83,9.0,gas,0.167
385,71,63274.74427776042,606,West,233.65,233.65,1.0,retail,0.415
386,73,70202.82920857237,637,West,326.59,81.65,4.0,online,0.468
387,50,32627.856214687916,613,East,1018.0,113.11,9.0,grocery,0.353
388,41,50895.33734189807,374,North,712.8,79.2,9.0,gas,0.234
389,69,75690.66067867789,578,East,647.68,129.54,5.0,gas,0.444
390,28,63780.72406429944,475,North,669.47,95.64,7.0,restaurant,0.34
391,66,66753.94876800977,572,North,786.2,196.55,4.0,restaurant,0.41
392,25,77359.70614884829,588,South,536.6,134.15,4.0,online,0.454
393,53,77096.903447465,571,North,308.14,102.71,3.0,grocery,0.437
394,55,70572.85260606132,365,North,205.94,68.65,3.0,gas,0.268
395,57,52898.74829562361,782,East,186.4,93.2,2.0,gas,0.515
396,37,42350.33965083816,547,North,1130.65,188.44,6.0,grocery,0.325
397,79,52069.555306263705,455,East,226.01,75.34,3.0,gas,0.278
398,52,39311.86627953263,346,West,269.67,67.42,4.0,restaurant,0.163
399,65,10950.262539786352,753,North,360.9,120.3,3.0,online,0.371
400,79,44410.018683999195,500,North,742.34,185.58,4.0,retail,0.291
401,42,57150.524876744406,423,East,854.12,213.53,4.0,restaurant,0.273
402,52,38254.61164467642,300,West,340.71,68.14,5.0,restaurant,0.13
403,42,46144.40425522784,490,South,129.38,129.38,1.0,gas,0.28
404,46,46919.265680665354,815,West,138.28,34.57,4.0,gas,0.527
405,35,77137.13548437777,741,East,1045.98,174.33,6.0,online,0.57
406,63,42811.25451950195,442,West,698.45,232.82,3.0,gas,0.241
407,35,77132.66764366909,490,East,332.67,110.89,3.0,online,0.379
408,19,-4249.809836959475,832,East,150.36,50.12,3.0,grocery,0.396
409,71,76957.11562658072,526,South,725.48,181.37,4.0,retail,0.407
410,52,75948.12229725248,612,North,789.92,131.65,6.0,gas,0.473
411,33,68045.09346778384,601,East,645.16,215.05,3.0,gas,0.432
412,78,9761.639935924568,759,East,921.92,184.38,5.0,retail,0.378
413,58,70377.73990444963,700,South,307.83,76.96,4.0,retail,0.514
414,53,48997.61648649499,692,East,745.9,186.48,4.0,grocery,0.444
415,50,-586.748798493204,506,North,483.87,80.65,6.0,restaurant,0.168
416,21,75963.55415669392,509,South,285.28,40.75,7.0,retail,0.401
417,50,78883.46157097936,414,North,54.94,54.94,1.0,grocery,0.323
418,31,11909.758562696574,550,North,37.47,37.47,1.0,grocery,0.221
419,38,53508.42150600226,518,South,631.59,157.9,4.0,grocery,0.331
420,65,77771.82242888365,706,East,691.72,98.82,7.0,gas,0.55
421,37,74603.22626914292,742,North,702.43,117.07,6.0,restaurant,0.563
422,73,66721.22102319048,653,North,562.81,70.35,8.0,gas,0.481
423,25,-2945.0575979501714,849,North,431.32,107.83,4.0,gas,0.411
424,24,64590.85533271628,441,North,569.97,94.99,6.0,gas,0.314
425,20,45637.92203252114,800,South,845.85,140.97,6.0,retail,0.519
426,34,69917.15057436988,846,South,703.41,100.49,7.0,online,0.628
427,50,55123.229168676495,841,West,329.24,65.85,5.0,gas,0.574
428,65,49602.3677942227,806,West,434.93,86.99,5.0,gas,0.532
429,29,62818.07698818472,580,North,1193.18,99.43,12.0,online,0.428
430,76,46561.73257856484,723,East,69.55,69.55,1.0,grocery,0.45
431,68,49514.45440216116,569,North,694.86,173.71,4.0,gas,0.356
432,39,38895.52001742477,453,East,374.45,74.89,5.0,restaurant,0.243
433,72,17891.820176308753,382,North,559.49,62.17,9.0,grocery,0.14
434,39,61357.06947542543,725,West,754.28,107.75,7.0,grocery,0.514
435,63,33879.3936065886,574,West,229.65,38.27,6.0,online,0.319
436,47,45984.16267918532,583,East,223.11,55.78,4.0,retail,0.356
437,55,55739.479169078666,472,North,108.07,54.04,2.0,grocery,0.298
438,55,8295.647128691224,626,East,426.34,71.06,6.0,online,0.28
439,62,12773.021926463533,362,West,1724.26,123.16,14.0,gas,0.125
440,68,44005.22846781594,372,North,395.17,79.03,5.0,online,0.199
441,71,59091.26964599311,674,North,615.96,76.99,8.0,retail,0.473
442,25,64880.76541298322,807,East,956.15,119.52,8.0,retail,0.587
443,44,18173.71008248186,697,South,200.12,40.02,5.0,grocery,0.358
444,44,62732.629688256304,419,East,812.17,116.02,7.0,gas,0.296
445,51,45098.60763367327,736,West,270.63,54.13,5.0,restaurant,0.467
446,38,32336.855098070464,764,West,698.27,99.75,7.0,online,0.455
447,47,37028.962878812585,585,West,1045.23,130.65,8.0,gas,0.342
448,50,66037.14664080333,564,West,355.26,71.05,5.0,gas,0.405
449,45,55480.11570171143,619,West,45.5,22.75,2.0,grocery,0.404
450,64,51006.13045510641,675,South,953.9,190.78,5.0,online,0.441
451,50,54869.914776157995,388,North,210.83,52.71,4.0,grocery,0.241
452,22,68561.95553232387,502,East,196.57,49.14,4.0,online,0.365
453,77,48058.00865193354,633,East,647.8,129.56,5.0,retail,0.401
454,78,51086.37772908473,521,West,373.09,186.55,2.0,online,0.32
455,65,72763.4148027561,340,East,120.42,30.11,4.0,online,0.259
456,36,43368.26751473683,367,West,15.56,15.56,1.0,retail,0.182
457,21,62362.81190561363,813,South,150.37,37.59,4.0,gas,0.572
458,52,39925.91038653717,426,South,245.94,61.48,4.0,online,0.223
459,66,41682.65317176431,554,North,319.82,63.96,5.0,restaurant,0.325
460,34,47919.00486400727,315,South,82.06,27.35,3.0,online,0.164
461,61,60305.45705973531,776,South,518.99,86.5,6.0,gas,0.545
462,45,73883.63925102138,361,North,389.14,77.83,5.0,gas,0.281
463,47,51930.9052707755,731,East,403.69,100.92,4.0,gas,0.481
464,46,20003.261773529113,567,West,724.18,90.52,8.0,restaurant,0.278
465,63,62628.92587067876,334,West,341.42,113.81,3.0,grocery,0.222
466,70,99076.8434829142,793,East,334.2,111.4,3.0,retail,0.665
467,23,52173.37662134701,768,North,395.94,79.19,5.0,gas,0.512
468,52,15824.647216408412,624,East,776.67,155.33,5.0,grocery,0.298
469,77,53393.05778941703,603,South,500.22,166.74,3.0,gas,0.39
470,58,49939.74793632321,575,North,77.11,38.56,2.0,gas,0.356
471,54,48257.82313275221,500,North,1196.63,149.58,8.0,online,0.314
472,41,68908.19799954265,744,North,334.63,66.93,5.0,grocery,0.545
473,46,77565.49572671448,623,West,266.29,133.15,2.0,online,0.474
474,66,63671.71490402165,334,East,719.05,119.84,6.0,gas,0.234
475,63,47338.83830657863,781,North,11.04,11.04,1.0,restaurant,0.495
476,70,72513.5756873926,779,North,314.08,157.04,2.0,grocery,0.572
477,48,20123.407175715187,364,North,152.98,38.24,4.0,gas,0.119
478,52,35678.87758532011,307,East,403.45,67.24,6.0,gas,0.13
479,77,37907.444427965405,600,West,836.79,92.98,9.0,grocery,0.359
480,50,49380.98704136131,642,South,1062.9,132.86,8.0,gas,0.421
481,69,60134.69324973675,730,West,963.06,160.51,6.0,gas,0.511
482,78,45985.74103325432,723,North,400.98,57.28,7.0,gas,0.467
483,38,31879.284109954504,631,West,254.1,63.52,4.0,gas,0.348
484,49,69497.0056939226,737,West,606.03,202.01,3.0,retail,0.535
485,40,45290.865555906115,473,South,1202.93,171.85,7.0,gas,0.283
486,50,52042.57841742068,826,East,757.37,108.2,7.0,gas,0.56
487,20,61021.35490951816,325,East,637.85,91.12,7.0,restaurant,0.222
488,35,50777.55215845894,705,West,155.96,51.99,3.0,online,0.456
489,42,50865.433894885806,531,West,165.75,82.88,2.0,restaurant,0.327
490,59,70609.4684087166,832,East,778.13,111.16,7.0,gas,0.62
491,48,53027.38949140753,849,East,667.7,111.28,6.0,retail,0.576
492,71,67255.93971580979,804,South,424.71,84.94,5.0,restaurant,0.583
493,75,60893.34888636779,478,North,439.12,87.82,5.0,gas,0.327
494,20,90337.75088373832,431,West,641.89,80.24,8.0,gas,0.39
495,57,58188.2683573826,754,East,603.71,86.24,7.0,gas,0.526
496,63,62759.465403015456,647,West,377.88,62.98,6.0,online,0.459
497,41,72033.13427992734,839,West,199.52,99.76,2.0,online,0.614
498,67,51272.35519900339,705,East,996.58,124.57,8.0,grocery,0.472
499,49,37242.93806541118,375,South,403.64,67.27,6.0,retail,0.184
500,64,40517.08837753087,791,West,379.03,94.76,4.0,grocery,0.491
501,39,40709.861489950235,493,South,328.43,164.22,2.0,gas,0.268
502,40,30993.380636065627,461,East,416.6,69.43,6.0,restaurant,0.228
503,19,56356.10338403768,646,North,1410.17,156.69,9.0,gas,0.448
504,44,37409.66903901832,660,North,727.47,145.49,5.0,restaurant,0.389
505,59,53897.05642403694,386,West,634.94,158.73,4.0,retail,0.236
506,19,46826.51112578727,561,East,436.5,87.3,5.0,retail,0.345
507,43,49167.5701341497,513,South,106.72,35.57,3.0,online,0.311
508,34,61121.13295657712,561,West,976.22,162.7,6.0,online,0.391
509,57,39162.017512229046,582,East,489.78,81.63,6.0,grocery,0.341
510,50,62777.820918735466,766,East,95.47,47.73,2.0,grocery,0.533
511,26,81346.15733277904,679,South,607.8,75.97,8.0,gas,0.544
512,60,56862.181659035174,661,West,109.24,54.62,2.0,retail,0.439
513,71,34358.08629455062,748,East,423.4,105.85,4.0,gas,0.441
514,65,37699.63977320407,740,East,643.17,107.2,6.0,restaurant,0.451
515,56,45034.74198429769,392,East,186.36,46.59,4.0,gas,0.214
516,46,38102.194058608686,723,South,610.79,122.16,5.0,online,0.437
517,59,30176.39380779901,441,West,151.2,30.24,5.0,retail,0.208
518,72,53088.14553923384,590,West,332.65,66.53,5.0,online,0.385
519,43,45576.05336548402,731,West,652.75,108.79,6.0,retail,0.468
520,52,53794.417671161165,348,West,891.79,148.63,6.0,gas,0.214
521,67,73727.74824430575,601,North,321.35,64.27,5.0,restaurant,0.455
522,42,45272.943321512816,489,North,1483.98,212.0,7.0,online,0.294
523,41,26291.599906393774,435,West,577.84,72.23,8.0,online,0.201
524,30,42022.150154928975,703,South,200.53,50.13,4.0,grocery,0.431
525,77,65408.504342332846,640,North,312.9,52.15,6.0,grocery,0.461
526,75,63535.4054143391,617,East,654.29,163.57,4.0,restaurant,0.433
527,24,60372.79295227134,662,North,130.88,43.63,3.0,gas,0.453
528,74,37505.865536757934,681,East,1048.51,131.06,8.0,gas,0.414
529,53,65038.05236065397,532,West,1036.52,129.56,8.0,grocery,0.388
530,62,69537.98156074132,643,North,1483.07,123.59,12.0,gas,0.494
531,37,36091.56740220048,848,South,142.13,47.38,3.0,restaurant,0.516
532,18,49168.59804914951,828,North,380.03,54.29,7.0,restaurant,0.553
533,25,90408.03927364224,482,North,227.55,75.85,3.0,gas,0.413
534,63,35202.51447073225,340,North,952.52,105.84,9.0,restaurant,0.162
535,33,15898.266615125503,696,West,76.41,25.47,3.0,restaurant,0.345
536,31,77658.08868929597,793,South,200.92,40.18,5.0,gas,0.607
537,29,72732.0954340912,632,North,683.41,85.43,8.0,online,0.484
538,68,40860.6535284515,426,South,542.23,67.78,8.0,grocery,0.238
539,40,47740.16436263827,300,West,150.99,150.99,1.0,restaurant,0.146
540,32,25501.29899622095,467,East,632.25,90.32,7.0,retail,0.219
541,45,51779.04545219404,318,North,951.14,135.88,7.0,grocery,0.189
542,51,73318.27430742802,631,South,770.81,128.47,6.0,restaurant,0.479
543,19,39147.90316483444,755,South,171.36,57.12,3.0,retail,0.457
544,49,67542.03957572585,408,West,178.52,35.7,5.0,online,0.296
545,40,59274.47714780864,567,North,196.03,196.03,1.0,restaurant,0.375
546,39,61556.33781762279,744,East,759.86,108.55,7.0,grocery,0.529
547,68,40313.81638827264,539,South,780.92,97.61,8.0,online,0.319
548,42,42907.51634133011,600,North,243.72,81.24,3.0,online,0.356
549,75,13064.551310571967,402,East,662.1,220.7,3.0,online,0.122
550,79,38666.611749797885,549,South,291.64,48.61,6.0,gas,0.315
551,78,73269.70916062518,752,South,1082.44,135.3,8.0,grocery,0.573
552,39,31413.35611795453,819,East,222.97,74.32,3.0,gas,0.481
553,75,34393.9669228619,452,East,301.08,100.36,3.0,gas,0.223
554,75,62803.79647414248,473,West,853.99,122.0,7.0,online,0.335
555,39,58055.36583986187,642,North,251.12,83.71,3.0,grocery,0.432
556,66,63797.26499592601,730,North,1043.07,115.9,9.0,restaurant,0.531
557,69,26735.589198191923,623,West,849.61,106.2,8.0,grocery,0.339
558,59,101281.15898600692,719,South,590.91,147.73,4.0,retail,0.617
559,23,25684.932516654993,784,East,527.38,75.34,7.0,gas,0.45
560,32,53084.94627468136,711,East,211.14,35.19,6.0,retail,0.476
561,71,46826.89008262827,383,East,446.76,74.46,6.0,online,0.219
562,60,26267.16965269905,412,South,47.28,23.64,2.0,gas,0.166
563,77,42595.811543735006,631,East,252.27,50.45,5.0,retail,0.384
564,54,50466.152017717395,677,East,277.99,138.99,2.0,gas,0.432
565,50,37000.5357627306,340,West,471.62,94.32,5.0,retail,0.155
566,25,68744.47243069699,404,South,371.41,123.8,3.0,gas,0.291
567,70,46767.485090750575,501,North,603.43,100.57,6.0,grocery,0.304
568,77,23174.506579634268,749,West,512.88,102.58,5.0,restaurant,0.411
569,61,21477.48934661406,565,West,50.62,25.31,2.0,grocery,0.263
570,61,62123.301812229125,509,North,334.54,66.91,5.0,retail,0.353
571,22,20264.584345993277,417,West,418.07,83.61,5.0,restaurant,0.161
572,56,56328.52146098168,676,South,191.74,63.91,3.0,gas,0.451
573,21,58893.10371333918,839,East,493.91,82.32,6.0,retail,0.587
574,23,30092.89272151966,383,South,343.78,42.97,8.0,gas,0.175
575,62,67814.76167549781,753,North,899.57,128.51,7.0,restaurant,0.554
576,49,15644.127524767357,813,North,490.49,98.1,5.0,online,0.435
577,69,55929.17867997117,686,West,321.41,80.35,4.0,gas,0.461
578,47,49182.84132807983,649,South,1031.98,257.99,4.0,gas,0.413
579,64,47620.04048538213,595,South,894.97,223.74,4.0,restaurant,0.369
580,52,26442.067140388543,557,North,429.93,85.99,5.0,grocery,0.281
581,72,31259.559912001485,380,South,322.49,80.62,4.0,restaurant,0.164
582,57,82376.04050041195,567,North,289.04,48.17,6.0,gas,0.459
583,69,74303.10017743507,718,South,210.28,52.57,4.0,restaurant,0.539
584,33,64841.691770475976,534,South,343.64,57.27,6.0,online,0.383
585,30,68796.96207059376,610,South,22.39,22.39,1.0,restaurant,0.435
586,67,66920.27089342538,656,North,511.16,73.02,7.0,grocery,0.481
587,77,43532.875754275825,512,West,696.22,139.24,5.0,retail,0.3
588,59,50952.07103628702,348,South,1041.17,130.15,8.0,gas,0.212
589,47,20549.832439179823,426,North,616.4,88.06,7.0,online,0.174
590,36,48206.08746384948,522,North,150.97,37.74,4.0,online,0.318
591,34,73668.28499078374,578,South,689.06,137.81,5.0,online,0.438
592,73,36785.85503485729,707,South,412.25,103.06,4.0,gas,0.418
593,36,70462.82409374452,804,West,82.13,41.06,2.0,gas,0.584
594,45,51831.71477387526,593,North,147.23,29.45,5.0,grocery,0.384
595,75,22292.562686605354,576,North,350.67,116.89,3.0,grocery,0.277
596,72,27853.60973307377,737,East,390.25,78.05,5.0,gas,0.416
597,43,68386.0573941551,406,North,685.62,137.12,5.0,grocery,0.297
598,54,61050.4817051677,719,West,182.0,60.67,3.0,grocery,0.497
599,43,52035.28145975251,728,East,1069.77,133.72,8.0,online,0.491
600,70,44519.36371504109,674,East,280.96,93.65,3.0,grocery,0.415
601,79,54211.35955257171,372,East,814.05,101.76,8.0,grocery,0.239
602,40,67605.92498506498,329,South,905.05,150.84,6.0,grocery,0.242
603,26,79517.0656097457,487,South,125.17,62.58,2.0,grocery,0.381
604,29,80473.68398881209,663,North,66.95,33.48,2.0,grocery,0.511
605,70,57439.19801516996,750,East,386.25,96.56,4.0,grocery,0.512
606,18,46561.36619270959,494,West,594.21,99.04,6.0,grocery,0.299
607,75,52924.960156377114,455,South,855.05,106.88,8.0,grocery,0.296
608,75,60442.4071451016,471,West,365.58,60.93,6.0,retail,0.324
609,18,60361.33887690183,340,West,593.69,84.81,7.0,gas,0.231
610,64,76159.7327428021,362,South,1031.87,114.65,9.0,online,0.301
611,51,92315.1144383331,322,South,845.14,84.51,10.0,grocery,0.323
612,49,45894.907407718274,659,South,739.27,105.61,7.0,online,0.42
613,79,93117.69817648924,374,South,208.91,69.64,3.0,gas,0.342
614,71,73444.78493516787,417,East,303.23,101.08,3.0,grocery,0.314
615,65,47983.54019629584,679,East,533.56,66.69,8.0,retail,0.444
616,42,79971.2967773016,589,East,352.94,58.82,6.0,grocery,0.468
617,57,83712.96602838329,739,East,803.63,267.88,3.0,gas,0.579
618,62,40794.09111612306,306,North,1062.93,106.29,10.0,online,0.157
619,70,84644.30504971296,495,East,405.82,135.27,3.0,gas,0.405
620,18,71501.65642071927,720,South,1237.19,176.74,7.0,grocery,0.541
621,33,97371.18255958385,492,West,926.71,185.34,5.0,gas,0.447
622,78,41519.22836001002,447,East,713.62,118.94,6.0,retail,0.249
623,56,42931.46512528008,501,North,85.79,42.9,2.0,restaurant,0.281
624,22,9466.7574051332,743,South,84.42,42.21,2.0,gas,0.357
625,39,61423.87841135925,718,West,105.65,35.22,3.0,grocery,0.497
626,46,57505.02511237437,726,West,270.04,90.01,3.0,gas,0.491
627,72,38740.126569286665,778,East,381.19,127.06,3.0,online,0.473
628,20,48362.98537023884,774,West,435.9,72.65,6.0,online,0.508
629,29,23775.579796497695,425,East,513.42,102.68,5.0,gas,0.177
630,43,73968.89905663372,694,East,949.21,158.2,6.0,gas,0.526
631,33,40206.0105094338,624,South,556.65,111.33,5.0,gas,0.371
632,68,111880.98031241902,691,South,271.8,90.6,3.0,grocery,0.593
633,54,46487.97398577935,739,North,308.79,308.79,1.0,online,0.462
634,39,34807.6231790338,503,South,812.48,135.41,6.0,gas,0.27
635,74,41753.73762530276,785,South,74.43,18.61,4.0,online,0.49
636,46,21760.780469114976,330,East,349.18,116.39,3.0,gas,0.096
637,31,59645.437814058845,687,South,162.99,40.75,4.0,online,0.472
638,45,41602.006004417555,733,East,886.06,221.51,4.0,retail,0.452
639,22,72625.05580795476,675,East,934.62,133.52,7.0,grocery,0.512
640,64,44505.05009651165,643,South,199.79,49.95,4.0,gas,0.395
641,66,77688.84223371293,742,North,452.2,113.05,4.0,grocery,0.567
642,47,65149.11498634082,374,North,523.97,130.99,4.0,gas,0.261
643,63,50571.93553436688,454,West,257.62,85.87,3.0,gas,0.273
644,79,81604.65174701643,729,West,522.09,130.52,4.0,online,0.569
645,69,69045.86922074419,662,South,268.26,134.13,2.0,restaurant,0.476
646,22,108924.2565332645,747,North,564.48,141.12,4.0,retail,0.637
647,29,41810.89510043591,533,East,133.32,66.66,2.0,gas,0.301
648,33,51532.32210916921,561,West,242.73,242.73,1.0,online,0.347
649,43,81374.1802202186,424,East,774.04,129.01,6.0,restaurant,0.352
650,43,19129.243763297753,544,West,359.42,89.86,4.0,gas,0.247
651,65,76338.87126465124,841,South,408.11,136.04,3.0,online,0.631
652,38,58786.055153629415,784,North,949.97,189.99,5.0,retail,0.543
653,56,32235.78489105504,421,West,679.9,135.98,5.0,grocery,0.2
654,53,22739.20682897757,424,North,881.98,293.99,3.0,online,0.167
655,50,36550.21053739432,848,East,174.11,34.82,5.0,retail,0.523
656,79,4303.608553488561,469,South,384.07,76.81,5.0,gas,0.151
657,47,40209.211126169925,423,North,670.0,111.67,6.0,grocery,0.228
658,54,62451.12666685163,334,South,1056.09,88.01,12.0,gas,0.248
659,40,40473.98718062344,386,North,187.54,93.77,2.0,online,0.19
660,75,77766.25402867617,500,East,384.23,54.89,7.0,gas,0.4
661,27,83198.95205450576,668,East,339.53,48.5,7.0,online,0.538
662,71,75512.88965251549,376,South,631.3,210.43,3.0,grocery,0.291
663,22,54612.8182052873,358,East,1081.45,108.14,10.0,online,0.236
664,53,3506.414550270618,730,West,321.05,107.02,3.0,gas,0.332
665,51,35926.050159347884,799,North,322.92,107.64,3.0,gas,0.48
666,69,47159.22946451226,408,East,536.92,89.49,6.0,grocery,0.238
667,48,32122.647009903783,577,West,483.71,161.24,3.0,retail,0.307
668,27,47209.890490268575,367,South,373.88,74.78,5.0,gas,0.205
669,75,82201.34937386759,368,West,239.66,119.83,2.0,gas,0.302
670,36,17084.469409693636,464,South,668.54,167.14,4.0,gas,0.183
671,75,86233.84112238053,788,South,406.17,81.23,5.0,grocery,0.629
672,49,67694.52843508274,604,North,166.68,83.34,2.0,gas,0.43
673,18,55364.33616555391,664,North,226.09,75.36,3.0,retail,0.44
674,73,35727.66888518472,678,West,521.23,104.25,5.0,retail,0.397
675,22,32520.99309017149,642,North,728.14,145.63,5.0,gas,0.361
676,62,17475.645708225205,653,North,408.95,68.16,6.0,gas,0.327
677,21,84335.30960628773,715,North,641.29,213.76,3.0,restaurant,0.564
678,33,80752.23120148083,408,West,687.51,76.39,9.0,restaurant,0.348
679,41,21874.307428334356,796,East,605.74,121.15,5.0,grocery,0.441
680,33,38947.440101875975,640,North,336.95,168.47,2.0,grocery,0.37
681,72,58662.89538463817,682,North,220.67,55.17,4.0,online,0.466
682,19,44009.81723655584,832,West,334.35,55.73,6.0,gas,0.537
683,66,11626.504859363647,599,East,453.13,90.63,5.0,online,0.267
684,45,36844.54478888623,438,North,47.63,23.82,2.0,gas,0.217
685,49,89020.68596040037,658,South,496.21,70.89,7.0,gas,0.548
686,44,38200.428191711115,798,West,387.0,96.75,4.0,retail,0.489
687,37,46730.65326595586,684,North,187.63,46.91,4.0,gas,0.431
688,41,27096.451519292383,579,North,754.5,83.83,9.0,gas,0.311
689,29,61755.25970567496,782,South,116.28,58.14,2.0,retail,0.542
690,67,52303.03598049167,410,South,297.64,99.21,3.0,online,0.246
691,52,35159.60516886043,438,West,62.01,15.5,4.0,gas,0.218
692,77,23906.8920838515,734,West,473.33,94.67,5.0,gas,0.402
693,50,78090.86748021751,808,South,804.55,89.39,9.0,retail,0.631
694,50,17889.131867178396,572,West,1059.24,105.92,10.0,gas,0.281
695,78,60076.3139117911,398,South,510.71,170.24,3.0,retail,0.261
696,68,6922.415105768538,403,North,213.24,53.31,4.0,gas,0.108
697,60,64144.23366024765,513,South,625.68,104.28,6.0,online,0.365
698,54,69405.97774520122,464,South,384.59,76.92,5.0,grocery,0.342
699,29,71895.67423279826,819,East,955.42,106.16,9.0,grocery,0.62
700,20,46775.830628602635,583,South,573.9,95.65,6.0,online,0.364
701,18,81680.07211127391,816,South,571.01,142.75,4.0,gas,0.632
702,50,96155.83389992136,463,East,478.65,79.78,6.0,grocery,0.425
703,57,43567.53727908074,363,West,514.05,128.51,4.0,retail,0.189
704,27,40979.899397401445,390,East,260.66,65.16,4.0,gas,0.2
705,60,52983.54520689871,416,North,281.29,93.76,3.0,online,0.252
706,61,40446.397082115865,566,East,46.87,23.44,2.0,gas,0.321
707,46,37522.596079797586,439,North,266.36,133.18,2.0,online,0.22
708,30,39265.229195169806,545,West,253.16,50.63,5.0,retail,0.311
709,29,84315.1201601249,694,East,1088.44,155.49,7.0,restaurant,0.56
710,48,65437.63990070864,786,East,869.0,144.83,6.0,online,0.568
711,63,40381.07745483818,775,West,331.3,110.43,3.0,restaurant,0.476
712,19,897.4994855542917,816,North,818.31,102.29,8.0,grocery,0.402
713,78,19110.71012787065,483,East,454.32,227.16,2.0,gas,0.196
714,68,60068.58165203755,319,North,436.0,218.0,2.0,grocery,0.2
715,67,7568.881172223651,823,East,711.13,142.23,5.0,gas,0.418
716,52,55859.870549039115,828,South,253.33,63.33,4.0,gas,0.564
717,40,28688.72550269949,446,East,42.76,14.25,3.0,grocery,0.201
718,34,51836.11549161347,603,West,333.78,66.76,5.0,grocery,0.391
719,43,51277.12602668286,527,West,4.24,4.24,1.0,restaurant,0.322
720,25,52411.79867781423,401,North,1359.31,104.56,13.0,retail,0.27
721,46,42111.56305842959,716,East,895.16,149.19,6.0,gas,0.447
722,43,41454.28748784535,515,North,1828.05,261.15,7.0,grocery,0.302
723,27,35584.191621271224,706,North,498.08,124.52,4.0,grocery,0.414
724,43,59677.8463448378,698,South,281.53,70.38,4.0,grocery,0.48
725,79,66103.85349561897,798,South,297.47,74.37,4.0,grocery,0.572
726,51,25620.549549277475,764,West,675.56,67.56,10.0,gas,0.444
727,68,48967.43055415461,381,North,284.12,71.03,4.0,gas,0.218
728,58,53931.64146975476,664,West,530.41,58.93,9.0,grocery,0.454
729,24,53675.422692460845,462,East,440.35,146.78,3.0,grocery,0.288
730,21,53335.39239193035,347,North,886.18,126.6,7.0,retail,0.215
731,75,41959.30379309552,810,North,717.82,143.56,5.0,gas,0.512
732,70,55580.60850925078,628,East,967.73,87.98,11.0,restaurant,0.438
733,67,62360.5742196724,415,East,253.76,63.44,4.0,retail,0.283
734,62,52820.73311645128,636,West,102.99,25.75,4.0,restaurant,0.415
735,28,60118.79673067448,446,West,516.76,86.13,6.0,gas,0.305
736,46,69807.06822075014,622,East,158.23,39.56,4.0,gas,0.456
737,73,12981.192842094642,742,West,24.35,24.35,1.0,gas,0.363
738,53,68869.27683730735,312,East,454.94,64.99,7.0,restaurant,0.236
739,42,56848.55530442549,793,North,79.52,26.51,3.0,retail,0.538
740,38,27767.493445225467,586,North,123.01,41.0,3.0,grocery,0.3
741,78,66049.41764639378,413,South,551.96,275.98,2.0,grocery,0.286
742,74,42033.58187952077,779,North,252.28,84.09,3.0,restaurant,0.483
743,53,44760.67127362894,321,East,358.46,71.69,5.0,gas,0.165
744,27,39846.40435068675,648,West,257.2,51.44,5.0,retail,0.388
745,54,56047.976884764495,619,South,168.58,84.29,2.0,gas,0.406
746,26,34292.93714975894,425,West,508.42,127.1,4.0,gas,0.206
747,41,68029.49259895572,576,East,529.83,132.46,4.0,retail,0.417
748,52,47222.74825610657,503,North,843.44,168.69,5.0,grocery,0.304
749,66,42715.95033024125,493,South,446.4,111.6,4.0,restaurant,0.281
750,52,65057.5135522794,846,East,396.9,99.22,4.0,gas,0.604
751,65,43608.864753618385,585,South,518.29,103.66,5.0,grocery,0.353
752,53,68963.53650724603,356,South,466.74,93.35,5.0,restaurant,0.263
753,35,69591.85901681731,602,North,518.54,172.85,3.0,gas,0.437
754,66,23303.92323562046,462,East,491.99,82.0,6.0,gas,0.206
755,56,72185.20404445847,318,West,437.41,109.35,4.0,gas,0.242
756,49,20759.280569962288,669,South,322.49,53.75,6.0,gas,0.349
757,41,73431.61053765021,563,South,400.61,200.31,2.0,grocery,0.418
758,40,90567.14384460478,412,West,1376.97,125.18,11.0,grocery,0.386
759,79,67496.68876538263,787,East,648.59,162.15,4.0,retail,0.569
760,49,6860.387106006538,626,South,2.12,2.12,1.0,gas,0.261
761,54,71271.31438772037,841,South,713.02,101.86,7.0,gas,0.628
762,29,94922.57931872024,364,South,289.34,96.45,3.0,gas,0.34
763,66,43939.367180039415,591,East,995.05,142.15,7.0,grocery,0.364
764,72,49305.9335994022,324,East,267.98,267.98,1.0,online,0.168
765,30,26230.26556147136,848,West,520.88,104.18,5.0,grocery,0.492
766,40,56241.58837639338,300,East,469.94,78.32,6.0,retail,0.187
767,42,75383.54365086259,848,East,32.29,32.29,1.0,restaurant,0.628
768,52,63954.74256298908,440,North,447.35,74.56,6.0,gas,0.312
769,58,112839.33954575597,487,West,207.39,103.7,2.0,gas,0.442
770,47,50660.540859315945,427,South,993.64,331.21,3.0,restaurant,0.253
771,34,17386.532651694713,500,East,376.32,125.44,3.0,grocery,0.207
772,66,53419.41943136438,426,South,243.18,48.64,5.0,grocery,0.267
773,79,1670.9646957502057,556,South,78.42,39.21,2.0,gas,0.197
774,37,39337.92150270973,846,North,380.49,126.83,3.0,restaurant,0.524
775,65,82487.64117200424,493,East,228.22,76.07,3.0,grocery,0.397
776,42,56502.672972635424,403,West,465.01,116.25,4.0,online,0.256
777,39,53588.33625662538,834,East,404.25,101.06,4.0,gas,0.561
778,30,86415.60753430713,564,South,517.38,103.48,5.0,gas,0.466
779,76,44588.0021667326,683,West,270.27,67.57,4.0,gas,0.424
780,36,75236.40825868218,559,East,245.8,49.16,5.0,retail,0.429
781,66,52586.139503326805,713,South,480.42,80.07,6.0,grocery,0.476
782,53,57600.94926918053,657,South,254.08,127.04,2.0,online,0.438
783,29,25653.90288273974,374,North,1170.5,130.06,9.0,gas,0.158
784,78,40359.06410343566,654,North,441.09,110.27,4.0,retail,0.391
785,58,22049.63534312253,487,North,549.39,61.04,9.0,gas,0.229
786,36,48095.0984354931,589,South,124.99,124.99,1.0,restaurant,0.357
787,29,57808.04687832534,344,East,219.4,54.85,4.0,gas,0.217
788,26,27799.23789817096,382,North,896.04,149.34,6.0,gas,0.161
789,24,90983.57845369646,422,East,349.71,87.43,4.0,gas,0.374
790,45,55562.12038183922,657,North,606.9,86.7,7.0,gas,0.447
791,31,51155.911711704386,827,West,511.27,63.91,8.0,restaurant,0.561
792,48,65393.15502691251,365,West,436.82,87.36,5.0,restaurant,0.258
793,69,33421.43838268156,674,North,197.31,98.65,2.0,gas,0.378
794,36,53269.549583349064,461,South,551.29,91.88,6.0,gas,0.295
795,75,35662.67559284818,679,North,336.11,84.03,4.0,grocery,0.395
796,64,81173.59820177965,657,North,291.19,72.8,4.0,gas,0.515
797,33,28827.21301205837,487,South,570.26,114.05,5.0,retail,0.237
798,70,51263.30918614347,621,West,841.06,168.21,5.0,restaurant,0.402
799,22,56586.31570303551,749,East,495.49,99.1,5.0,grocery,0.511
800,52,57896.51488815402,773,North,698.27,116.38,6.0,gas,0.536
801,29,38375.296538343355,312,South,127.19,127.19,1.0,retail,0.127
802,42,32089.811957098045,483,North,229.92,57.48,4.0,online,0.241
803,69,38664.09653907802,410,South,1003.67,200.73,5.0,grocery,0.211
804,76,60566.50868420565,807,East,712.65,71.27,10.0,online,0.58
805,38,47123.084581760726,589,East,604.03,100.67,6.0,retail,0.37
806,53,65924.17616905044,594,West,877.66,219.41,4.0,grocery,0.424
807,70,59540.07438790146,750,South,331.38,110.46,3.0,grocery,0.515
808,40,4461.746038007855,514,South,1129.89,161.41,7.0,online,0.19
809,33,54949.95593674422,326,West,399.34,99.83,4.0,gas,0.196
810,74,95009.0953563254,530,West,398.93,66.49,6.0,gas,0.47
811,56,76505.38102076662,620,South,357.3,71.46,5.0,retail,0.477
812,62,58440.26321413938,532,West,357.86,178.93,2.0,restaurant,0.35
813,70,28812.15739060112,736,East,560.81,112.16,5.0,gas,0.419
814,59,59551.07432251292,832,North,393.29,78.66,5.0,online,0.581
815,75,64794.99879756518,702,East,270.42,270.42,1.0,restaurant,0.49
816,56,44925.06638344832,352,West,334.45,66.89,5.0,grocery,0.188
817,31,56334.84117608875,612,South,944.02,134.86,7.0,grocery,0.417
818,48,80193.2491679208,580,South,119.93,59.97,2.0,gas,0.45
819,75,32854.511605165484,330,East,993.79,331.26,3.0,gas,0.129
820,22,28834.00790081746,636,South,1441.49,205.93,7.0,gas,0.352
821,52,63853.98651988425,482,West,397.95,99.49,4.0,gas,0.336
822,40,59150.85272396161,322,East,733.8,104.83,7.0,online,0.214
823,46,70576.76590825623,843,South,0.89,0.89,1.0,grocery,0.61
824,60,61395.87623807539,745,North,128.85,32.21,4.0,retail,0.52
825,28,38644.89873651612,373,North,845.26,84.53,10.0,online,0.199
826,35,58643.8530293081,309,West,305.74,76.43,4.0,gas,0.194
827,64,27157.469134076528,783,South,476.07,79.35,6.0,grocery,0.451
828,29,44993.625765340126,755,West,138.47,34.62,4.0,grocery,0.478
829,26,60055.98461932808,459,East,11.35,11.35,1.0,grocery,0.299
830,27,42789.715665522206,313,North,1327.58,189.65,7.0,online,0.159
831,75,99361.04364459652,477,East,508.64,101.73,5.0,gas,0.442
832,61,12156.315023526662,711,South,743.89,106.27,7.0,online,0.356
833,34,39050.19286002379,352,West,124.52,31.13,4.0,gas,0.167
834,78,31244.403322601793,707,West,1368.86,152.1,9.0,gas,0.417
835,55,35993.02385084093,321,West,519.68,129.92,4.0,restaurant,0.135
836,24,37140.03553038243,329,East,249.7,41.62,6.0,gas,0.151
837,63,23471.586262820136,559,North,712.75,89.09,8.0,gas,0.283
838,30,65054.042971452545,504,East,693.82,173.45,4.0,gas,0.356
839,57,39058.09405225797,358,East,440.71,73.45,6.0,gas,0.177
840,59,53271.46671177309,770,South,540.86,108.17,5.0,restaurant,0.517
841,26,41303.4847617951,765,South,492.48,123.12,4.0,retail,0.474
842,67,36182.391754275806,311,South,542.98,271.49,2.0,gas,0.123
843,44,83445.58472173699,589,North,87.25,21.81,4.0,gas,0.473
844,75,68458.64364418815,653,North,286.67,47.78,6.0,online,0.48
845,19,12635.992000897102,374,South,214.62,30.66,7.0,grocery,0.113
846,22,10517.251033282262,740,South,603.73,86.25,7.0,gas,0.373
847,46,70852.17671272974,540,North,415.04,103.76,4.0,retail,0.399
848,54,39602.93216902492,453,West,1141.49,163.07,7.0,gas,0.251
849,55,17018.353321315546,395,North,949.28,86.3,11.0,gas,0.153
850,36,70914.70265080682,593,North,815.08,135.85,6.0,grocery,0.444
851,25,53382.4810019818,508,North,194.83,64.94,3.0,restaurant,0.32
852,65,55031.421696646394,642,South,435.89,87.18,5.0,restaurant,0.429
853,62,66190.78544011815,387,West,756.08,84.01,9.0,gas,0.289
854,18,23800.456834352128,689,North,407.69,81.54,5.0,gas,0.369
855,39,17369.983572316716,624,South,850.18,94.46,9.0,grocery,0.315
856,69,81619.08589806403,456,East,500.45,125.11,4.0,gas,0.37
857,34,21256.664785154153,436,East,464.11,232.06,2.0,restaurant,0.169
858,24,25555.24405848872,727,North,1363.17,151.46,9.0,grocery,0.414
859,42,29551.29240908468,751,East,331.68,66.34,5.0,restaurant,0.432
860,62,91598.91847381044,440,West,92.87,46.44,2.0,restaurant,0.383
861,21,59867.66600823045,382,East,855.13,171.03,5.0,retail,0.254
862,53,69308.1594887076,476,East,283.76,56.75,5.0,grocery,0.351
863,23,53923.35091157457,497,West,398.38,79.68,5.0,gas,0.32
864,77,37962.255775975325,720,North,548.24,109.65,5.0,restaurant,0.434
865,48,62625.82566520336,700,North,526.47,105.29,5.0,gas,0.494
866,36,18867.68058406393,770,West,342.23,57.04,6.0,gas,0.416
867,78,28094.330958070102,517,West,87.12,43.56,2.0,grocery,0.248
868,61,64659.50358522962,474,West,660.83,110.14,6.0,gas,0.339
869,71,22854.8953834644,322,East,833.31,166.66,5.0,gas,0.1
870,56,46218.370616762535,534,West,496.1,124.02,4.0,retail,0.321
871,44,47129.75311289176,312,South,414.98,51.87,8.0,retail,0.174
872,27,39426.759933256755,400,East,1055.27,211.05,5.0,gas,0.206
873,43,10977.63050302286,835,North,284.74,94.91,3.0,grocery,0.431
874,36,37421.42217622615,822,North,674.51,112.42,6.0,grocery,0.51
875,56,33500.63246135029,751,North,241.89,60.47,4.0,gas,0.441
876,79,53228.79726575397,730,East,213.74,106.87,2.0,grocery,0.478
877,20,52209.810773989375,832,South,764.88,191.22,4.0,gas,0.556
878,62,57559.229198737485,592,West,427.65,106.91,4.0,gas,0.397
879,30,36480.27454051205,400,West,274.91,91.64,3.0,gas,0.191
880,67,60455.55900931784,801,North,425.05,141.68,3.0,gas,0.555
881,45,18879.865344526337,603,North,258.93,64.73,4.0,gas,0.289
882,79,13561.90534695292,839,East,167.84,41.96,4.0,retail,0.445
883,75,3288.545516667441,654,South,152.5,50.83,3.0,gas,0.276
884,37,40014.05520856006,602,West,788.28,112.61,7.0,grocery,0.361
885,45,34934.035513228846,795,East,937.0,133.86,7.0,grocery,0.486
886,25,65786.312237092,526,West,760.35,152.07,5.0,gas,0.377
887,78,37026.7482590226,535,North,932.99,116.62,8.0,online,0.306
888,58,55467.52695888535,754,West,480.11,120.03,4.0,gas,0.509
889,56,66265.93153166154,312,South,1529.28,191.16,8.0,online,0.232
890,18,36273.61848701769,509,South,734.6,104.94,7.0,restaurant,0.282
891,20,55961.04420214351,696,North,538.66,76.95,7.0,online,0.477
892,30,70038.5509791039,399,South,381.56,127.19,3.0,grocery,0.291
893,45,25236.744503888654,330,South,1153.58,104.87,11.0,grocery,0.131
894,79,50497.04676489288,827,East,564.58,70.57,8.0,online,0.559
895,74,36359.31233601371,628,West,717.16,119.53,6.0,restaurant,0.366
896,77,26510.20235013723,465,North,0.0,0.0,0.0,0,0.2
897,66,19270.96519019542,758,North,558.67,62.07,9.0,online,0.418
898,42,26187.02855642599,399,North,155.67,25.95,6.0,online,0.169
899,73,51200.58011504025,472,North,640.12,91.45,7.0,gas,0.3
900,50,17783.110888765066,461,North,523.79,104.76,5.0,grocery,0.185
901,55,38985.45951822725,562,South,392.37,98.09,4.0,grocery,0.32
902,70,66263.88813705795,573,East,693.42,115.57,6.0,restaurant,0.415
903,23,58980.219268378714,302,North,560.89,93.48,6.0,retail,0.196
904,75,39389.84754123686,327,East,284.81,56.96,5.0,restaurant,0.153
905,61,83793.80826717448,625,East,324.12,54.02,6.0,grocery,0.506
906,62,87860.72827823322,448,South,679.0,135.8,5.0,restaurant,0.386
907,49,50522.44863079451,839,North,617.12,154.28,4.0,online,0.556
908,62,629.1416823138273,787,South,213.68,53.42,4.0,restaurant,0.368
909,78,67728.9639403252,737,North,641.02,106.84,6.0,grocery,0.539
910,64,4120.473199328289,364,South,261.84,87.28,3.0,grocery,0.068
911,38,79522.92221440132,655,East,261.36,65.34,4.0,online,0.509
912,33,71671.69801484598,832,North,681.31,85.16,8.0,retail,0.626
913,71,85484.25008276041,551,West,400.27,80.05,5.0,retail,0.454
914,38,55205.311167354535,534,East,964.99,120.62,8.0,grocery,0.36
915,28,42772.28465636324,526,West,835.84,104.48,8.0,gas,0.317
916,77,40997.97732619552,824,East,409.96,102.49,4.0,gas,0.516
917,54,39074.796579382055,612,South,987.58,123.45,8.0,retail,0.368
918,53,69621.37307349406,348,North,286.3,143.15,2.0,grocery,0.25
919,52,64245.42979011756,417,East,809.95,89.99,9.0,online,0.305
920,36,52404.51266868426,353,South,1110.26,111.03,10.0,gas,0.226
921,37,35556.373841460554,343,North,1414.58,141.46,10.0,gas,0.168
922,74,102584.25262600546,352,North,330.11,82.53,4.0,retail,0.35
923,35,68247.49227925739,824,East,144.4,24.07,6.0,online,0.604
924,64,18045.76160453182,401,North,543.4,108.68,5.0,online,0.143
925,58,39674.87968125746,697,East,1273.66,141.52,9.0,gas,0.435
926,66,68635.52194817411,437,North,470.76,94.15,5.0,gas,0.321
927,31,34009.22157534632,686,West,685.21,171.3,4.0,grocery,0.395
928,32,57030.959176517776,410,South,755.4,125.9,6.0,online,0.269
929,48,69015.92600672296,316,West,968.29,121.04,8.0,restaurant,0.243
930,18,-17768.56165312786,481,East,343.35,85.84,4.0,gas,0.144
931,70,47839.24600421499,835,West,79.46,26.49,3.0,restaurant,0.542
932,71,48624.18307130244,840,East,174.1,43.53,4.0,grocery,0.551
933,71,41758.55088632421,470,North,342.13,114.04,3.0,grocery,0.258
934,20,56033.902698920814,708,North,290.58,145.29,2.0,grocery,0.471
935,33,63150.39214991749,677,East,356.09,71.22,5.0,online,0.479
936,40,52841.01888649218,487,West,452.12,64.59,7.0,grocery,0.316
937,74,42523.45211901136,529,North,509.71,101.94,5.0,restaurant,0.309
938,28,62652.42599568539,418,South,858.12,95.35,9.0,restaurant,0.301
939,29,50981.06818548714,455,North,1379.53,197.08,7.0,gas,0.287
940,27,45385.99173609044,764,South,470.95,78.49,6.0,retail,0.492
941,49,23754.412293221616,403,West,110.74,36.91,3.0,gas,0.155
942,33,18746.904294678432,801,South,183.15,26.16,7.0,retail,0.442
943,25,23375.404145718592,474,South,706.69,141.34,5.0,gas,0.212
944,55,55566.5812244043,720,South,443.14,147.71,3.0,gas,0.481
945,29,48418.42504787297,433,South,1408.17,156.46,9.0,online,0.269
946,41,20394.318035850734,690,North,321.42,80.36,4.0,retail,0.357
947,45,62918.35651587622,800,South,350.34,58.39,6.0,gas,0.57
948,70,77486.1902635819,332,North,375.86,75.17,5.0,gas,0.271
949,25,38030.12766567328,354,South,555.8,138.95,4.0,gas,0.165
950,75,15180.36285263252,818,East,772.56,110.37,7.0,online,0.443
951,45,35817.472301961745,311,West,408.51,81.7,5.0,online,0.13
952,53,67089.21253589388,827,South,226.92,56.73,4.0,retail,0.597
953,43,60970.59717069548,672,East,281.84,93.95,3.0,grocery,0.462
954,25,31551.346279770423,783,South,685.53,76.17,9.0,restaurant,0.473
955,75,80423.44275529483,527,South,305.48,61.1,5.0,restaurant,0.421
956,77,76965.60131852797,606,South,449.98,112.49,4.0,gas,0.465
957,67,35339.87873446718,756,East,130.91,43.64,3.0,grocery,0.447
958,45,35134.199940700666,459,West,118.71,59.35,2.0,grocery,0.227
959,45,38143.44125241021,630,East,119.17,39.72,3.0,grocery,0.363
960,54,39853.34449222908,524,West,1507.62,150.76,10.0,gas,0.312
961,58,69010.76015856888,803,South,358.85,119.62,3.0,online,0.582
962,53,58506.58120953188,755,North,507.8,84.63,6.0,gas,0.524
963,44,67541.57538701175,344,South,446.12,44.61,10.0,gas,0.265
964,71,63471.302863734,513,West,49.04,49.04,1.0,retail,0.348
965,34,84290.54136387464,358,East,466.34,155.45,3.0,online,0.304
966,26,28812.28912381719,494,South,37.93,18.96,2.0,gas,0.234
967,50,57607.17060767832,788,East,298.96,49.83,6.0,gas,0.546
968,70,6523.574875306055,456,East,178.16,44.54,4.0,gas,0.145
969,37,23660.88851806283,525,East,155.33,77.66,2.0,online,0.241
970,30,48502.93228130306,711,South,689.26,98.47,7.0,restaurant,0.465
971,45,58364.13225509072,504,East,491.08,81.85,6.0,gas,0.341
972,65,47963.68515940861,378,East,551.93,110.39,5.0,gas,0.216
973,46,38656.15162374644,423,South,1106.8,100.62,11.0,restaurant,0.238
974,30,42211.64245013925,770,East,440.61,88.12,5.0,gas,0.483
975,63,77388.81952848208,517,South,462.56,77.09,6.0,grocery,0.408
976,52,42319.35644239719,815,West,248.61,62.15,4.0,online,0.514
977,78,84984.83244087055,403,West,436.74,145.58,3.0,gas,0.339
978,23,65880.34147082266,692,West,326.7,163.35,2.0,online,0.489
979,35,59150.7469229646,733,East,579.82,144.96,4.0,grocery,0.504
980,68,26128.061793580095,630,North,56.19,18.73,3.0,restaurant,0.327
981,22,68704.76322799253,442,North,590.98,84.43,7.0,grocery,0.33
982,64,40124.588445030015,839,East,270.89,67.72,4.0,gas,0.524
983,42,26111.204839886,577,North,353.49,88.37,4.0,online,0.292
984,19,60256.872261587545,532,South,572.16,71.52,8.0,grocery,0.373
985,27,22241.078788669205,828,North,469.1,78.18,6.0,gas,0.469
986,73,34755.170757408356,389,East,803.37,133.9,6.0,online,0.187
987,47,49797.68177062177,791,East,372.53,124.18,3.0,grocery,0.515
988,67,94368.42848229456,498,South,443.18,55.4,8.0,gas,0.451
989,76,36261.68488415025,661,West,424.67,141.56,3.0,gas,0.38
990,62,40835.66961398849,740,East,507.72,126.93,4.0,gas,0.455
991,22,64646.901088432896,325,South,699.63,139.93,5.0,online,0.227
992,72,25234.086232479083,324,North,577.1,82.44,7.0,online,0.114
993,73,58856.12762041831,693,North,708.81,177.2,4.0,gas,0.474
994,50,74118.53615233176,806,South,262.24,65.56,4.0,restaurant,0.602
995,71,43858.102305777975,600,South,62.28,62.28,1.0,restaurant,0.353
996,18,70523.08562793731,638,East,389.93,129.98,3.0,gas,0.466
997,35,55828.99846423613,566,North,466.32,116.58,4.0,gas,0.373
998,49,35386.36072392439,760,South,251.03,62.76,4.0,restaurant,0.453
999,64,46043.906282069875,755,North,478.72,79.79,6.0,online,0.487
1000,66,42404.853200395155,659,South,161.86,40.47,4.0,restaurant,0.4
